0.9026567993515239,0.1483772873441491,0.40397386448241257
0.22054081865404718,-0.45544362107888775,-0.862515423239465
0.677610228847185,-0.481189054319646,0.5561487856362096
0.3882448519635961,-0.2328311766868516,0.8916588911048785
0.07246703701524948,-0.20047599370320202,0.9770147923624003
0.7984941450642626,0.21995804259626267,0.5603798352861324
-0.7831991771276879,0.22630462413667327,0.5791245686731581
0.330129531044422,0.31304936041253173,-0.8905136667551458
0.6522134257233507,0.6975834282517274,-0.29663952524027976
0.01149125985542556,0.977158498727683,-0.21220089375682616
-0.7334882929027262,-0.38954451898606235,-0.557000890396561
0.7417923729649144,0.5841605596200853,-0.3293941650901391
-0.6638286641051565,-0.464735756989206,-0.5859626104863972
0.9309944705673606,-0.15039156575678006,-0.3326133982903033
-0.9311737429583126,-0.36283808251452576,-0.03555258502821629
0.3103290689086691,-0.693060725558983,-0.6506632767245546
0.16841135242829053,0.13345298074170617,0.9766411410054504
-0.642960001080104,-0.13363361496888576,-0.7541515059730506
-0.3866356838974831,0.33793960492768127,0.8580848858699518
0.8213172852134065,-0.5159231973729222,-0.24343617525376218
-0.467119606217174,0.8770458299121155,0.11220465998023796
-0.05262805261353007,-0.9094352481055423,0.41250190009419113
0.20668220135326676,0.6969084899904908,-0.6867321342582867
-0.9785972666837532,-0.07198720465729064,0.19278286232109967
0.43176788438047276,0.8569279187062011,-0.28151560553452304
-0.6099287826918192,0.12497032116758967,0.7825402857817259
-0.8973988783069737,0.25639239217290977,-0.35907964917165386
-0.6295692218208131,0.603196717013877,-0.48969001982847954
-0.9848811488602235,0.13015420648718506,0.1143197496212152
-0.05283022206626162,0.8851252833776495,0.4623442444348854
0.30625327440849226,0.8674916513031713,-0.3920040393074718
-0.246725556950387,0.8650446903954538,-0.43683427425758936
0.08430405713203963,0.08998043724715139,-0.9923690577924573
0.4117188771278103,-0.6934880083000288,0.5912376413597787
-0.5834602265754286,0.3658970602425399,-0.7250472435023918
-0.5800790958798938,0.4091874106567006,0.704325141879253
0.8948082676249214,-0.34361487856298595,-0.28503855777812187
-0.8839368524631418,0.26103048175910276,0.3879674322029681
0.8361289549249353,-0.401578873974207,0.3736613155167972
-0.7279009445747138,-0.6029961293276657,0.32642898600322356
-0.33684662080244815,-0.9371205821883467,0.09132014286533818
-0.16157883673981208,0.2840517402072829,0.945096232350454
0.9629701350429696,0.2687964752885614,0.020903920392376193
-0.21352172026707697,-0.4888843033705462,0.8458135804608979
-0.21148976448357343,-0.9772911189004764,-0.013196531246415719
0.38232506318059883,0.06663069476851718,0.9216224262563361
-0.9879800522703936,0.11414427317911865,-0.10424251155934808
-0.13426383105299167,-0.9734170731133474,-0.18555976245516645
-0.22323654488478667,0.6277102051203896,0.7457515292747451
0.9936200787733085,0.11030792896734815,0.023479775668832137
0.33527173754579637,-0.9278946424565563,-0.16310853596131075
-1.5070857005398537E-4,0.891575835701965,-0.452871401701708
0.5775654451940389,-0.1232466329919705,-0.8069872514321118
0.8316001848098089,-0.5463080122225702,-0.0999434260255064
-0.3730870478679698,0.6310040552541981,-0.6801764013591768
-0.6189524850602643,-0.559289881040268,0.5514459630858549
-0.4822831489966943,0.8650247704386013,0.13832971741992928
0.3550986497940583,-0.8787595043557994,0.31888349348749045
-0.9100094123744489,0.1188189644510528,-0.39719632812588984
-0.3229130366484984,-0.5841270031385025,-0.7446628867929954
-0.22342441413106534,0.9262553824429666,-0.30353335511212565
0.48034365592488854,0.8380982244969974,-0.25857559495763094
0.5105880039178627,-0.370618168061905,0.7758492532429286
-0.6221687430419975,0.7264005763162502,-0.2919730431203549
0.5528358031703263,-0.06282735060924384,-0.830918346619235
-0.999524649524808,0.023993822387928986,-0.019359015458600075
0.28644575508031245,0.501716730488465,0.8162286148772504
-0.6828645744343251,0.038493335200950864,0.7295301475112151
-0.036818146090507806,-0.19994308080526235,0.9791155133877506
-0.6484290321397855,-0.6961445339542955,0.3080950796812857
0.8886487032676188,0.4534647595889475,-0.0683607635396036
-0.9074006975257609,0.32047768278621386,-0.27187870267040337
0.5586421618197933,0.8080725031998729,-0.18691646425502256
0.8948681983381043,0.42160546238807683,0.14649143895685882
0.937972188094207,0.3077421945597005,-0.15969632447036822
0.8073409331342818,-0.5900279239415692,-0.008225974414556884
0.06703083014140934,-0.9490332155750095,0.3079656207207409
-0.7347897468651281,0.10251127416839634,0.6705038900485611
0.5644334709404938,-0.8026073096944683,0.19296725967654388
-0.10115596876489953,0.01665718106593254,0.994731123621942
0.18889417256114865,0.26904627320071944,-0.9444220954897459
-0.9971346326478409,0.04929155523824855,-0.057383507704304344
0.2586067190656002,-0.5676655678285341,-0.7815870827719926
0.09867297141554643,0.9927282971695643,-0.06895050914129634
-0.41530843249161203,-0.07185045294862218,0.9068386947591274
-0.8108529952240414,-0.40102206468445084,-0.42626133272022315
-0.2818572754721221,0.5122399141507112,0.8112747664104338
-0.8546667810859111,0.40562676428630834,0.3240549666381723
0.4475536895319388,-0.8627927663603687,0.2351262156854723
-0.8353267816428444,-0.5225591994376456,0.17076607084926035
-0.3716545629634812,0.6655466864746862,0.6472406769903987
0.9596287033917797,-0.0505535371127896,0.27668952186882206
-0.12619791396186333,-0.02011567844242682,-0.9918011121149618
-0.8234842308460986,-0.3899619963665287,-0.41207203610247656
-0.29510183586938654,-0.8035436830154777,0.5169453123420689
-0.12145857438842213,0.7094385714726062,-0.6942223908910169
-0.19381209862046456,0.12734933164947795,-0.9727378979749697
-0.9980365987391964,0.06089369732742836,0.0146596453876613
0.9933519525499424,0.050812970925268305,0.10329540333899252
-0.5637666903270233,0.4004727436003915,-0.7223494310310552
0.047136998802551115,0.8728069075154639,-0.48578411412599826
0.5896390613865872,0.5578081860973437,0.584102563605002
0.9642013279617734,-0.14814119790143662,0.21993177269571584
-0.9805189213922779,0.01987637050058081,-0.1954164135569156
-0.8366355965068095,-0.544897715274053,-0.055922790942622466
-0.45358124138745565,-0.8902514411096661,-0.041429808876911174
-0.6968311390448753,-0.5220741653309832,-0.4917976510226323
0.9997507652871181,-0.006741870017189964,-0.02128272765631492
0.05513505944819486,-0.9941037429422647,0.09336955332346704
0.5432913194707456,0.39330293151165346,-0.7417191828799332
-0.8290414050962084,-0.07717525752854824,0.5538360120663036
-0.7456111772417986,-0.47184368847947394,-0.47056084198983705
0.18105183090862434,-0.886009573516712,-0.42685743540597865
0.8469254583322678,0.020056994097285945,0.5313332146746138
-0.2347929419832808,-0.9624093503433729,0.13653027783785768
0.14121528487088347,-0.9370899451979928,-0.3192501807793659
-0.15064131233670758,-0.5824897955156288,-0.7987570551410708
0.7057722151579203,0.684157137963187,-0.1838874408030711
0.9538487079297419,-0.2928961587611902,0.06621542542113312
0.3992245840610431,-0.9136424715484137,-0.07666267451761181
0.8143901613922392,-0.5471052137625178,-0.19350594332317633
-0.22714641329880045,0.8399403476893289,-0.49285364891519257
0.946406507560961,-0.12184998726605961,-0.29911085411520233
-0.33730790691595836,0.2155009788433231,0.9163965866640625
0.5495040903790038,0.27291705365562896,0.7896591267633613
-0.4582085933432371,0.784441045287153,-0.41796785935668657
-0.912882812582325,0.35254831492527805,-0.20580246872943703
0.6053437232826403,-0.4746300234456025,0.638972078831569
-0.5406809222999711,-0.5621569821839422,-0.6258144035116925
-0.6970089079041366,-0.0015337312293766123,0.7170608272460564
0.27347412346375155,0.12774101456497008,0.9533593955028948
0.23287387939114107,0.6030706767199927,0.7629387361890929
0.37850887795407223,0.26723877306817717,0.886179703829288
-0.27297984805861625,-0.8769040463991289,-0.3956277239561571
-0.38331546259175786,-0.5286582101479012,0.7573570841956154
-0.9564864921786419,0.057664018987561697,-0.286021766993351
-0.9317661791721689,-0.335016874324694,0.13991240569945904
0.34913949597562666,0.3623516725849158,-0.8641775730281359
0.854154830056646,0.19336612248982463,0.4827308452586722
0.047428022225688406,-0.7292143298201025,0.6826397614355454
-0.5966795428187277,0.6340173231060051,0.4919304393744399
-0.8621055832069802,0.27089238064349463,-0.42824208283709414
0.20936433394300608,-0.8989751017887408,-0.3847211224205455
-0.281645745902374,-0.7767955008402078,0.5632623045167378
-0.8189691434901918,-0.5198098893338827,0.24307863123203244
-0.08084803783259947,-0.8419751851690545,0.5334242048671536
0.035723358140842786,-0.6564817286635684,0.7534955750460874
0.788006179994469,-0.3472054943683694,-0.5084236471398047
-0.28319252616499313,-0.4586574728024104,0.8422798322213323
-0.31361210909300297,-0.9039999634061551,-0.2905710088634249
-0.45363785900418024,0.10345180547905405,0.8851612377534545
0.8677175633611646,-0.04142651618128928,0.49532824873173226
-0.9464895209731535,0.28678238114268756,0.14803193086000196
-0.5787970249146742,0.6829086462094727,-0.44567901552829164
-0.5605061313591038,-0.18974257963480756,-0.8061207292846276
0.8230956915885268,0.4806081871719782,-0.30253801895244414
0.32514333273029755,0.8265128791577309,0.45951961195082136
-0.8128259076361408,0.28039804332119717,-0.5105790645699525
-0.8358800083679401,0.0939490300633728,0.5408125288498445
-0.18267012148644932,0.1496820222402735,-0.9717133934109317
-0.12923818796368325,-0.5462035207620025,0.8276226221407051
-0.6811547075479308,-0.41024496879004246,-0.6064052522593698
0.4092768474106475,0.6434560445288975,0.646882354785495
-0.2870367751922818,-0.0995823151282,-0.9527293698637213
0.5087469936713174,0.5849929838522389,-0.6316325714163661
-0.3698343502926552,0.9290144755264539,-0.012436141118427656
-0.20131875782241188,-0.8679502825746008,-0.45401879336379
0.8925585158314412,0.3464481697383203,0.2886398473907283
0.17716511880519106,-0.9789552354829706,-0.10128754908291743
-0.34873070285523555,0.5177952273197305,0.7812009981118829
-0.5776068018634286,-0.636630171098254,-0.5109524514947646
-0.12599011669772145,0.7666130476186663,-0.629627608761969
-0.4919301074274788,0.8684906411648375,-0.06106370129200038
0.2383972984517671,0.5672851871601501,-0.7882602644555748
-0.05434970824848218,-0.5783486824803581,-0.8139772175476037
0.7290559659102671,-0.5998968250374745,-0.32954695853642024
-0.5171266484693614,-0.24241066771367495,-0.8208636291257251
0.012557165988501673,0.9892817559648016,0.14547826262894395
-0.5550548393194903,0.818109617002118,-0.15036881297883076
-0.3875626009639343,0.5282056764255536,-0.7555090957267778
0.7722589199397691,0.05862829331815405,-0.6325969362841253
-0.8905518246505165,0.4532999310332793,0.037902772152706606
-0.8573627600315226,0.5005984538268972,-0.1197091714834315
-0.15079813968408845,-0.6981187999232377,0.6999214686388442
0.5200291354556577,0.15221217463957298,0.8404767410040168
0.6941828391421588,0.5111074874526151,0.5068326371795786
-0.542916945153702,0.564320220161932,-0.6219195123015204
0.02286133317587648,0.7231442084637529,-0.6903186316555232
-0.10799787265383091,-0.4434792755716313,0.8897542310327655
0.11860455007485905,0.7331942443747747,-0.6695962669528882
-0.44611721015551675,-0.556862861843345,-0.7006305644936554
0.2487724186498267,-0.9006049790511139,-0.3564027994102429
-0.3047723438133223,0.8722312862140399,0.3825263413098969
0.9983929282525362,-0.051513899626177556,-0.023619461480531907
0.8492100737633681,-0.4373604363146431,-0.29590217871026187
0.6610379044139156,0.04527823655683421,0.7489851602150488
0.5986556758099683,-0.6552564627054216,-0.46070635973827023
-0.745852536491774,0.6495803299081739,-0.14747673987844534
0.25103200151210947,0.7463870745307348,0.6163515792064426
-0.43903082284437545,0.4499909839975124,-0.7776631988936734
-0.4322350628702753,0.22962725559055294,0.8720345027093137
-0.6432622136037487,-0.3833888073941522,-0.6627418403228325
-0.11339130273365845,-0.44852825495174614,-0.8865465678543374
-0.19345289662707518,-0.9082185511940832,-0.3710997710232583
0.0378240214711384,0.3659607136781626,-0.9298613334491981
-0.7960860067451588,0.5946875659758772,0.11222196192472018
0.3961095221676241,0.7959844567845444,-0.4577182441257396
-0.5392006580454605,0.816055582944175,-0.2081248084899664
-0.07503106001245922,-0.8062866696896416,0.5867470888842939
0.9791552446500233,-0.0646078725486721,0.1925638327388805
0.09695706977928108,0.7494246188631218,-0.6549519579798814
-0.57592131647977,-0.07427179872284628,0.8141242762248783
-0.29618101163265015,0.35858934253608277,0.8852629506354595
0.6566047494207778,-0.6930661581278688,-0.2975390789391429
-0.012181887618686908,-0.8853142313578569,0.4648336405309889
-0.8286112581764452,0.5130738967372951,-0.22396106650499734
0.6735295943464702,0.6853527689544683,-0.2768564025373487
-0.39485607582801147,-0.628525130417928,0.670108080696562
-0.37252413992449623,0.40309449676025566,0.8359070473773449
-0.23321867188169929,-0.6436693365176452,-0.7289024875198814
-0.22130687294817403,-0.9655895816195172,-0.1366017124846773
0.5783170208029226,0.07408525977188125,-0.812441258020643
0.6651409547360129,-0.11820675584445749,-0.737302294317327
0.7347588842264652,-0.2046249485356192,-0.6467287008375884
-0.23443809834324822,-0.5972924941967809,0.7669944291984068
-0.732143292414867,-0.12875744341910647,0.6688704808377285
-0.6319196970540868,0.3935745310935808,-0.6676650245067052
-0.3016566664001046,-0.3379851663305008,-0.8914983359249302
0.867308094160809,0.4971000209271117,-0.025850319096883866
-0.0738002147698285,0.809667193489417,0.5822306794449243
0.06377199112065025,0.6021038538651206,-0.7958668747405417
0.8058784849670401,-0.44488271917240113,0.39069071354333296
0.5309089036174043,-0.7159308398631865,-0.45340794941482676
-0.9367265937857009,0.10807880987779726,-0.3329598464530481
-0.5177652855860274,-0.25485491639225927,-0.8166811376741316
0.19738657345399935,0.09547325863148079,-0.9756656176715337
-0.26705502910846673,0.7740522413228015,0.5740424541190514
0.7538115690786205,-0.3543094099842457,0.5533831948296263
-0.37142137015037546,0.9284205114715028,-0.009028824652788535
-0.06906469964535235,-0.6993677057728618,-0.7114175141117215
-0.1260402239921476,-0.5786655240255797,-0.80576676106688
0.3548318814138446,0.8684400521162283,0.3462747634649021
-0.8578247036757364,-0.10969470143549623,0.5020994425814597
0.3320165405685086,-0.2759706746286998,0.9020006671471481
0.05106153368334838,-0.6669976190390052,-0.7433080760856849
0.37143110706515137,-0.33633097383339877,0.8654018770170502
0.45044804587602455,0.539369923056919,-0.7114609223759545
-0.4119624176567986,-0.8567213005879494,-0.3103475141792793
0.7291451295743945,-0.622066388815163,0.28527318122179285
0.6840301278840626,0.6647011669905176,0.30045822130265804
0.5923330669888659,0.765204282319793,0.2521982237665728
0.17331456127523368,-0.6653553515145393,0.726129684740224
0.26052531223020536,-0.20359904473726512,-0.9437552599426544
0.3265252999061936,-0.5374191830362934,-0.7775357549500687
-0.13605770892470934,0.8189705982315401,-0.5574723841361404
0.5348994147281261,-0.3899563715224404,-0.7495442911746848
-0.5161710415690125,0.4555974246124327,-0.7252575008450995
0.6709897165731425,-0.09476004401302031,-0.7353865203494993
0.17510657200960836,0.8936751648203297,0.41313725107087645
-0.10264260968252867,-0.994619683464006,0.014006425079965114
0.3944251925433854,-0.8836098347937955,-0.25231414415921016
0.5211739232796946,0.43741169448449835,-0.732836101199614
-0.004248250514587261,-0.844691678198576,-0.5352363227114157
0.908631704943194,0.34347651543717894,-0.23751275358421872
0.8228344243934068,0.14238564130772913,0.5501543775910154
-0.10430244657599919,0.9755803466098737,0.19329766410078378
-0.03535822984746101,0.6526674135412945,0.7568190291498826
-0.49467561792315085,-0.20274524949887157,-0.8450978622845932
-0.5653612904495273,-0.5685828537439858,-0.5975618375445261
-0.8024613774215977,0.5883939620609142,0.09923851649884438
0.2213518605636068,-0.8737716145178921,0.43304332287639047
-0.5082833097911746,-0.8088917265777508,-0.29553722550940015
-0.835856819155194,0.31144408947159563,0.4520464102334737
-0.42476106686798054,0.003020687728587726,0.9053004537272813
0.08988558299114031,0.7182435640243311,-0.6899614226230112
-0.5813308397922125,-0.09565054813683908,0.8080256353282383
0.26948016595529906,0.7912985830855128,-0.5488415004020416
-0.225241405105451,-0.28566229088980627,0.9314844953029062
-0.32796202806614067,-0.08129309779341874,0.9411866660752762
-0.8954962732784936,-0.4438435190239997,0.03300538084497312
0.39543364342742077,0.9069558563151877,0.145132037611617
-0.7315452461202024,0.6662903944912972,-0.14456369906572025
0.4670627678961844,-0.7562296030381883,0.4582239172433703
-0.2700165606795491,-0.9549266608833954,0.12331313511899833
0.953477530283489,-0.0536281757720291,-0.2966557230323779
0.9950162426110437,0.07316419654947814,0.06774715701393
-0.7544984204288608,-0.6465310347845643,0.11282621428885338
0.9731372294293689,0.11371068960974436,0.20018444436820834
0.6985897772369366,-0.6189436437840341,-0.35900012389885083
0.5605490415903808,-0.681980653946007,0.4697735194915547
-0.09877655768062317,0.10015100604829617,0.9900570527198321
0.6524545091793673,0.30556636076619015,0.69349283530518
-0.44425544584877574,-0.8471884100871193,-0.2913913118947861
0.21029427692799318,-0.47462992435413415,-0.8546945372464488
0.7607391590747171,-0.4445689423855205,-0.47289997601661166
-0.8150604340278336,0.5080519294590671,0.2784954682849951
0.32804797840592836,0.7518670985736611,-0.5719094245999172
-0.35987355680832145,-0.8324857669901814,0.42125819976458306
0.6793386490279535,0.20245511523840734,0.7053445443545149
0.7552602401242061,-0.588869008778003,0.28777640658736875
0.755744150754001,-0.46618956459070476,-0.45991093536449307
-0.48072147235096196,-0.5634580020913785,0.67187941321335
-0.6853010355042086,0.7275859782045336,-0.03132307547178333
0.15638880060458174,0.9559175835513256,-0.24852387511636534
-0.4102625671380598,0.783289527707608,0.46705689352463403
-0.47771335161801504,-0.23325659005086063,0.8469836579791415
0.25351852421438176,0.9419978729394728,0.21992809110632258
-0.49107338599817113,-0.831734765442929,0.25896758391329
-0.8362093015284681,-0.49883297518421466,0.22785887497777269
0.1498423682311937,0.7334111208251702,-0.6630651495387425
-0.15903972704019603,-0.9520456782423566,-0.261372132720822
-0.743382262816063,-0.11668773662530771,0.6586097353150291
0.07649830258070382,-0.3247234153370035,-0.9427103018606209
-0.8553317884212125,0.42500326354646856,0.29627648858966404
-0.13493126189670493,-0.6565924850714447,-0.7420780707652446
0.8373757470488533,0.3389532646812486,0.4288502566354581
-0.042400094107508716,0.26159441137684586,0.9642461283075374
0.730926008101127,0.39303465848808006,-0.5579165958353537
0.283409902756108,0.9588262190903587,-0.0181963898798892
0.6244918012597598,0.7253357351900127,0.2896516207717549
0.2613910411043768,-0.5801962015701062,-0.771392955188204
0.7181307098315337,0.6615968486376113,-0.2158191221130302
0.04437343924628592,-0.9668803761827391,-0.2513430644401808
0.4053694830057193,0.7576054772565219,0.5115755301796534
0.4512917357512462,-0.5436394013356902,0.7076665673592327
0.5517308465475181,-0.32967748744461406,0.7660977922172635
-0.7895552818720789,0.06903907609033437,-0.6097836196885704
-0.7625696816069841,-0.6274822351397689,-0.15733253089498855
0.42121553360649683,0.6611689739901329,-0.6208325555908204
-0.04693942365234132,0.7460209266689813,-0.6642661119454616
0.6984210629508598,0.656708398745622,-0.28450324750967687
0.11967220994196257,-0.6186067879589947,-0.7765334532772314
0.16455600880876095,-0.7247537331713289,-0.6690690145412154
-0.8647127149075543,0.26159053842315505,0.4287683650698716
0.11859452906287248,-0.9152292525427421,0.3850853839947824
-0.15951864623595738,0.6945548945936738,0.7015321089579708
-0.9950122948706399,-0.01689551803979818,-0.09831111090018962
0.27040057313254245,0.4831655274950667,0.8327272080879827
-0.8599654873794683,0.34650694259129905,-0.37468960387529265
-0.09334101859930352,-0.9954581930033191,0.018720048862413644
-0.22962411598072446,0.9017117925615146,0.3663176333669603
0.9291096325196658,0.02588867522047973,0.3688970957523249
0.7896526859662895,0.021809965887096987,-0.6131663403467515
0.9171551104636864,-0.2834374328168746,0.28016017744947724
0.06861292165480079,0.8397780303070247,0.5385769460305984
0.42192211903631793,0.8028629507624436,-0.42118025566368283
-0.21924958650457155,-0.9313427813494088,-0.29074085100983266
0.353099337102267,-0.7829415997629448,0.5121750769986574
0.15574096279044955,-0.8799021819696917,0.44890634064811263
0.8319735576989692,-0.37481570827031474,-0.40906378979756014
-0.8128933545930845,0.5571086691007949,-0.16980672799139246
0.7310027604401463,0.20089252613711467,-0.652132775722195
0.25515748391629095,0.9481374954246521,-0.18955196694145823
-0.05460742541761325,-0.5548399248535806,-0.8301630483692543
0.02352885181655313,-0.550603561312418,-0.8344352050352843
-0.18903881690593413,0.9275059755394333,0.3224856447060068
0.30643146055373477,0.36908339137246,-0.8774264699653803
0.002265781676556055,-0.9522472866375273,-0.30531945782223097
-0.5091092891018384,0.841043622976468,0.18290258609663623
-0.9612321466390534,0.09586761573880867,-0.2585385087762237
-0.32177501477703524,0.3071866718009895,-0.895598787701876
-0.9506794496330806,-0.2764541845087876,0.14064731747503845
0.04547900545177189,-0.37178448763000504,0.9272043759715612
-0.07438417361263314,0.7715497087477514,-0.6318053827304937
0.2588377642385018,-0.7590118625007708,0.5974144326906782
-0.990011119730625,0.09142020660364888,0.107332793843541
-0.8071762831980008,0.47079179135497645,-0.3561201160218745
-0.6258761913550365,0.7789977040953575,0.03796801428934107
0.19712465542677277,-0.44147660685898354,-0.8753515155748317
-0.1474320082218103,0.9479546621746928,-0.2822158064548264
0.5221143135421107,-0.5415616400053586,-0.6588684494412802
0.11451751447237021,-0.6941260251098685,-0.7106861474267278
-0.08787035217118527,-0.21488171606641765,0.9726791091154695
0.24140826640054414,-0.9513808389544899,0.19130224301804427
-0.013280824659674869,-0.3621329665520916,-0.9320318311262447
0.5395070647150321,0.1927557543919407,-0.8196202451570874
-0.7329916200535349,0.39551424149594555,-0.5534363285014648
-0.07444794422541841,0.9525623940051006,0.2950972536772927
-0.8620839188542163,-0.17722335457593894,-0.47476646832501557
0.06565999809472359,0.07329866872942632,0.9951462554884557
-0.09318743378292169,0.5540154211976929,-0.8272744497807826
0.5934666020163512,0.7980593101111394,-0.10439698193002545
0.31254448976819055,0.3280342727606555,0.8914647821478587
-0.815114963192181,0.42160283596786846,0.3972891207723413
0.8355321490153159,-0.45550423740311796,-0.3072489506404406
0.009507922011796982,-0.3062898916810507,-0.9518908034396738
-0.828236540152943,-0.5547679489215827,0.07909966121812786
-0.06515425144219489,-0.6711003673082226,0.7384979488920573
0.5807062595552331,-0.24484484835116246,-0.776422076160426
-0.5963747657618329,0.7935183275258955,0.1211024468911541
0.15440283263477336,-0.819574262041671,-0.5517769424986952
-0.09297024676257698,-0.6744898360490527,0.7324069867795006
0.4536232655971049,-0.8802399987981284,-0.1392963654403416
-0.9888213594825047,-0.10343619190717605,0.10739307815177315
0.16537990579303752,0.22924985854352845,0.9592152986257351
-0.6448843123460143,0.17240869140620824,0.7445800607171851
0.6240912338998958,-0.7568181531590267,-0.19425862868419885
-0.4297050534762611,0.1080749715719516,-0.8964783140359199
-0.4611530404760246,0.8863767501943728,-0.040916133426565665
0.6373980176969853,0.4183070150123869,0.6471035529398523
-0.7503034375137029,0.6132161763260213,-0.2470033861047554
0.472438028596777,0.5854271471385191,0.6588454784916155
0.8120694730997564,-0.5743040553021959,0.103527884760273
0.7639262311766547,0.266710409439585,0.5876072419710305
0.8345998926911997,0.5453690088528658,0.07756070720848848
-0.1922564920919056,-0.44423148851865046,0.8750404709823535
0.22840969719611623,-0.4826426518533212,0.845508770409138
-0.9004620099299576,0.412622118316425,0.1375178393844483
-0.0513520097408106,0.8608094792879301,-0.5063299432816732
-0.16595512393983675,0.8922745474754377,0.4198869237849835
-0.9932812751505495,-0.0951832140681634,0.06582145694948062
-0.9782722114813917,-0.19041265268960111,-0.08201525430684715
-0.49389892103087346,0.1680445270480045,0.8531265396960475
-0.9963176654615289,0.08567717640696279,0.003245139784259116
-0.0952806448054074,0.8073285857894825,-0.5823591274227783
0.9566298299518682,0.23123231561199728,-0.17717501139543776
0.41060581196277635,0.4864687104734478,0.7712010509022209
0.147674863562245,0.6665500653253216,-0.7306867626327179
0.665097784453659,-0.6930957349175787,0.27796265820051397
-0.8704732955735608,0.4747457106531743,0.12997211974003112
-0.9982083468830741,-0.03303813138712669,0.04988565011510738
0.19509908783193425,0.6166823352099499,0.7626527672323429
-0.4640612776128736,-0.8841729682807044,-0.053714921409195454
-0.4940571544865409,-0.8688386323144014,0.03204620256290053
-0.05484604870429883,0.9539701080733497,-0.29484393133325154
0.4292000440819182,0.7330996307614738,0.5275909907660197
-0.10584912916503489,0.6968538444732196,0.7093593456760104
-0.9654781232943389,-0.26046737718365887,-0.0029561568136661194
0.23977980886463107,0.17888329865204208,-0.9542045947930693
0.17225903883095448,-0.5862224100881784,-0.7916249803104014
-0.8442042825661011,-0.4437392626965689,0.30069019943882386
0.5097421555147759,0.7631129997760241,0.39726752253863884
0.4354858293328986,-0.3153852127758789,-0.8431395258274583
-0.32062715860241703,0.5398429396656002,0.778310879828712
0.7046717765660152,0.689530804375522,0.16728705009217393
-0.9225979499977006,-0.38427414775438995,-0.03385855914946172
-0.9278290703202946,-0.0271278842613225,-0.3720178680709868
-0.9114904294507273,-0.1898520347937542,-0.36488546409030864
0.33524641383258424,0.6864925853864565,-0.6452424135329377
0.6382834728802457,0.2570588725893156,0.7256134950998656
-0.3067661363590305,-0.7987029505882334,0.5176563863268786
-0.26388588186249556,0.014234269296560482,-0.9644488721188108
0.3206473936701396,-0.902153510942999,-0.28862482849846227
-0.9213899773970835,-0.1860196794823669,0.3412289383939755
-0.7218923103462128,0.2537858847850755,0.6437889537316276
0.024173770322714398,-0.9602114070788075,0.27822595591375243
-0.8110115090081501,-0.14397735785581114,0.5670369059251635
0.08992185069376979,0.8872874979529645,0.4523659544485807
-0.9119758034288101,0.3896256792829522,-0.12842104190386566
-0.13142631254794246,-0.9433512146374385,-0.3046565446730462
0.08212465596238237,0.7237182846878194,-0.6851914953438787
-0.43945741490419504,0.8888919826305952,-0.12941492843088837
-0.7304276146481659,0.21517132655350793,0.6482104596414611
0.8917661500052595,-0.3411053118228924,-0.29732187936814264
0.7027374078450747,0.19820516805714425,0.6832824064547722
0.17729570420084545,-0.9794120216496053,-0.09653147217441274
-0.06758100585852933,0.029662435374490034,0.9972727548543596
0.802755986345963,0.1592910716168415,-0.5746383044044997
-0.8363574351249935,-0.06961811651159569,0.543745858434361
-0.4535708480315471,0.07995819705963333,0.8876261445782881
0.8567691414701117,-0.04006212162883656,-0.5141416775901015
-0.9214133760928452,-0.16242489340798688,-0.3530092695080244
0.7448921985454731,0.4911313141436068,0.4515812715488381
0.4754150714970617,0.561177169270338,-0.6775401792389688
-0.11928253306249481,-0.9386238871522334,0.3236616686810875
0.9681188655794746,-0.2133000337919351,0.1313352873125518
0.4682681027803938,0.09795744945523062,0.8781396939067705
-0.1273780462285346,-0.271053401923674,-0.9540989920572206
-0.8050612519216133,-0.27472778486203503,-0.5257385518289527
-0.9280416057188153,-0.24597273424787114,-0.2797073328703935
-0.050646218862431445,-0.8852472085665527,0.4623552100280315
0.6757677004279636,0.027619585958201073,0.7365970224823066
-0.49255523700678333,0.22991287203104577,0.8393625020047224
0.2996551695274546,-0.2896572184295135,-0.9090134625995093
-0.994345862504341,-0.06863923616379117,-0.08102444680064011
0.16011807528422675,0.4136381302610272,0.8962509130603081
0.8592920768751261,-0.20528657462891112,0.4684811083669871
0.3492527802448535,-0.9348385504238503,-0.06402640184076122
0.35045604941105446,-0.07695446676056254,-0.9334123244723063
-0.5037968827946543,0.6592960439475801,-0.5581374627468216
-0.8413853946235882,-0.05156449752630791,-0.5379699994506834
-0.8171801589533098,0.44187026779399813,0.37009087296595644
-0.8259820750921938,0.4458667276280108,-0.344900670948438
-0.603746609413416,-0.5659983298925342,0.5613696840591467
-0.10649122937557598,-0.09087770489223526,-0.9901519382496801
0.47881515683396525,-0.5180200724822617,-0.7087956335161341
0.5656378838108933,0.2773193725940842,0.7766258751689631
0.324897896633686,0.025297127820250682,0.9454107107956058
-0.0692553253055911,0.6726614486669473,-0.7367022976712511
0.9669931910249696,-0.042350982938137244,-0.2512579605813919
-0.6475249511725272,-0.6921986872813393,-0.3187042750497815
-0.480785363783578,0.8480571747498513,-0.2228103730233235
0.2980774486754094,0.9381226018271308,0.17628334729137954
0.1658091005515729,-0.07276205981118865,-0.9834698901472841
-0.06822191643499359,0.6746661953227803,-0.7349634650828711
-0.07909826238072801,0.9451423900302018,0.3169374188327202
-0.12666317079077705,0.06394299705562485,0.9898826871365974
0.492343161588664,0.8646837941943443,0.09959993621760749
-0.29705454771123296,0.9298696405681056,0.21702775682805373
-0.9845824670535315,-0.09803288432679003,-0.1448686272501815
0.22247443860819854,0.9711203511703278,-0.08619969668616041
0.7902238795891972,0.3759763511461332,0.48392975058972926
0.3150836699676259,0.8535063706023349,-0.41502910290841294
0.9028535251781586,-0.42801119383669817,0.04076677598064878
-0.6932285972290981,0.26506331330352156,-0.6702056042173447
-0.07255939375150437,-0.36370431061985364,-0.9286841814174243
-0.019077312330889665,-0.9711595074344009,0.23766629393753214
-0.5540145248585033,-0.42957932296185264,0.7131125517963087
0.6371652025113901,-0.5091876315974577,-0.5785745073340088
-0.8600395819556743,-0.5100052848129415,-0.015050811685067757
-0.7127575754638041,0.6281184588440168,-0.31215995944127245
-0.4086897591201125,-0.2984138649285853,0.8625090411170938
0.7490066851409345,-0.24038887549843635,-0.6174157223061189
-0.470653096199974,0.8263080016469718,-0.309355377279216
-0.464980144569045,-0.8353147023109657,-0.29333055289160176
0.6581627034174942,0.39159480326581925,-0.6430205019168364
0.24241311799484686,0.6319776473880335,-0.7360979102170464
-0.2718433162737919,0.3230071736825942,0.9065139696368995
0.4116904984020821,0.8215591919306665,0.39440008580079616
0.9233668073226036,-0.15104932307968877,0.3529558628667751
0.3650570290279811,0.2398635914837524,-0.8995547915706854
-0.07835334661054609,0.3225604969723612,0.9433003121317575
-0.41298610810062536,-0.2817495193900631,-0.8660598610023253
-0.24018538258161112,0.6514871688212501,-0.7196356375662596
-0.8424650327145056,-0.4661823544865706,-0.27004940477383843
-0.6649456043594192,0.07772995855470476,-0.7428360497351825
0.16911692459857489,-0.5559253210289706,-0.8138467320405949
-0.4593372498657478,-0.6189003838671477,-0.6371590113424346
0.7914188504585283,-0.54822772263917,-0.2703748643435093
-0.5007208792894834,0.7548385320792995,-0.42367132488750614
0.4796642446151707,-0.15945933083334335,0.8628411987428162
0.3016565058741935,0.20776498681613115,-0.9305036607757464
0.12295114338654929,0.8955429540857202,-0.4276515330585892
-0.5795743393607751,-0.16401681151001476,-0.7982431150323875
0.493897811263917,0.7499190305044,0.44009817054386063
0.06801550000663788,0.6787532554692571,-0.7312098945916503
0.2338833525812898,0.22586133242923961,-0.9456665564027443
0.5615355431464432,0.14889314399796635,0.813946352933429
0.08691866684228892,0.9782611756896874,-0.1882822814090318
-0.6497589778957464,0.19803550061551722,-0.7338904626303823
0.37407748854354445,-0.046381489412731444,-0.9262368973458199
0.6275665391989975,0.567445487991428,0.5330720936570992
0.30539960100723545,0.4110787872338749,0.8589210175510598
-0.5664003069871936,0.7830926525678065,0.25682015057064633
0.08945519934975985,-0.320543995494101,-0.9430001666288148
-0.46105585016072637,0.5925224491744336,-0.6605638880962996
0.031244122022376135,0.18008037080417974,-0.9831555649489454
0.6474197550998777,-0.6566560360677784,-0.3868468831490917
0.6732765404256562,-0.5254596592273445,0.5201834740138741
0.19152633359236187,-0.9798104357753261,-0.057351316344375375
-0.36980347832210875,0.5352971084350019,0.759409239555324
-0.8726095543375364,0.4219507874292771,0.24598800512760613
0.12464056446202745,-0.35235383751534977,0.9275297854402272
0.2544238305785259,-0.43028369493700935,-0.8660972556850092
-0.5189087140297547,0.5291881079992624,-0.6713372422681071
-0.8280992078672091,-0.532132988053896,0.17631274756674004
-0.7638393522835428,-0.6274167718702756,-0.15131965595698593
0.4840673740993214,-0.7021513314142197,0.522170743268738
-0.7925695044950014,-0.46923169726429825,0.3894293194239668
-0.3651968007615398,-0.9234903146727067,0.11746035679854527
0.6911284099013552,-0.3471027276772252,0.6339252459606374
0.016293295161749346,0.5104987118338956,0.859724138167997
0.9699418559907246,0.2343231458716779,-0.06561599885750863
0.3010505724761239,-0.8515387001360747,0.4292439807176827
0.3060273997922155,-0.9387564753926774,0.15837774617897873
-0.8855355502328449,0.33911738826530496,-0.3175313941170714
0.8635647797460444,0.5037330274947319,-0.02255899362022613
-0.2868784441120792,0.8299037867083648,0.4784981328186659
-0.7562568692192636,0.6248137666651337,0.19412188115821838
0.5334577686251758,-0.07709182653322609,0.8423061553706107
-0.8487610653115648,-0.5280090734150135,0.0284793329029405
-0.8868003943743578,0.39160179035548454,0.24542432301600167
-0.2738217842290213,-0.2680807518688033,-0.9236635431579469
-0.8878734208035802,0.4545663509192723,0.0710649086574077
0.9089546500556623,-0.15733701878341286,-0.38606541759465623
0.986119843720339,-0.0057896127290894255,0.16593412610256292
-0.8924135957771778,0.3546636323660039,-0.2789474537417398
-0.7927884717546032,0.47402121053505347,0.38313226308402043
-0.6437474962747439,-0.7280072406056508,-0.23578511120455567
-0.011567875494441325,0.44075837516336197,0.897551245879531
0.7508324891223608,0.606784305674736,-0.26088959286477603
-0.531072003502084,0.7791822707705304,0.33292268774170736
-0.04059223915826986,0.06039881595477963,-0.9973486116455863
0.8854104973500351,0.3152567830700974,0.3415573332702095
0.19071836440309978,-0.8429813906097712,-0.5029998812773445
-0.551123196113659,-0.6212653527606471,-0.5570391226517704
0.19326835834377462,0.4519793001545892,-0.8708398554814025
0.9538779834904202,0.29144543472105616,0.07194686367385375
0.9598392993231768,0.044568356026637154,0.27698769127142786
0.7141748796228997,0.489438656537569,0.5004038796835175
-0.6503332255130673,0.48676089943082396,0.5832071009333353
0.6101004012426924,-0.26766609182792844,-0.7457428267768109
-0.8782094447236014,-0.3727647086171002,0.29965754321870847
-0.7918659626945814,-0.6088719767401,-0.047150960397290956
0.44930098497607895,-0.7535334628614188,-0.4799124349791367
-0.44658409114923736,-0.3484164215734952,-0.8241168889850093
-0.5290253587866105,0.8337279981154357,0.1582080747595584
0.13113545500844098,-0.7180858767485659,-0.6834882340274575
-0.4744037431209216,0.04088581511924912,-0.8793574009666908
-0.27524285834423345,-0.340603330222486,-0.8990165406553142
-0.8540270144179408,-0.4613550930175823,0.24039412802960963
-0.11074217213092884,-0.9610549956881086,0.2531984726941557
0.5499788790112576,0.8316273955636715,-0.07693573675155942
-0.1692303488755408,0.7462102681838133,0.6438410709767624
0.9378824846621725,0.1498945689187888,-0.31290264168357557
-0.005208145689194213,0.926288930259491,-0.37677804195203307
-0.03308470204793318,0.985182434242982,0.16828836486659463
-0.22401883618416532,-0.8021326916724755,0.5535329312560919
-0.6716078224763625,-0.6246827917718365,0.39838968667964153
0.24717713696773422,-0.35802641521704315,-0.9004002159969018
0.8876217517301295,-0.35709194817670625,-0.2908830802967082
0.9712629065069008,0.1743485864823957,-0.1620214085710836
-0.7773935264599188,-0.44625561646552364,0.4433003832517938
-0.49462055885012346,-0.2951101450609886,0.8174720209553803
-0.17023227420970866,0.7617055963067128,0.6251604253089168
-0.4395477534304175,-0.24211397332335916,0.8649731766799758
0.41700780507755497,-0.7376132188452588,-0.5310661257217753
-0.5747633557184263,0.8081081098280617,0.12887345635704456
-0.729072203752221,0.6044452550862479,0.32109135042788184
0.09086847584920828,-0.8063102814583615,0.5844712568735779
0.8874793554748142,-0.021815023810259355,0.460330857473368
-0.07312608301344396,-0.17004150763607448,-0.9827199304298054
-0.22860531619177443,-0.42945013830874906,-0.8736773936158903
-0.5114531300058175,-0.5174470522500434,0.686049738666952
-0.8659764055187635,-0.024193957539328216,0.49949926676961914
0.7533166122137837,-0.5951339138640618,-0.2798744474431195
0.2408494396916169,0.9567233607932063,-0.16331551767295882
-0.9892373488735621,0.04778611420603329,-0.1382966192019686
0.9748427045748589,0.09925023008854977,-0.19957728619395554
0.18244052905561345,-0.9531713255254122,0.24120505291978528
-0.5876051617117437,0.8085382733460574,0.03140118571474193
0.8496443149730974,-0.15987880798003773,-0.5025368690880084
-0.3539242512699325,0.3747765815444038,-0.8569014752519153
0.33654776774049855,0.9098611905663482,0.24266893894784933
-0.6613075641126764,0.6875490939604604,-0.2999142361434488
-0.25765539562821826,-0.8552126360117076,0.4496943899022678
0.10512525936117337,0.9668554661669209,0.23267829161181364
0.2143876772537626,-0.6135122823009055,0.7600267122329785
-0.2676198797669405,-0.9353530626699643,-0.2312882359901737
-0.5763296021169771,0.8015352663875323,0.1593279839223305
0.3023957561952271,-0.11498419295786524,0.9462216664212172
-0.9098559980155307,0.2721853511003183,-0.31317279179641216
0.2900703643708808,-0.8122908536749959,0.5060066726335639
-0.7369687729678891,-0.1920333931489415,-0.648074226910705
0.34276681195954617,0.20073176771908488,-0.9177241797225681
0.8682079017732266,0.15444930275208427,0.471551113006773
-0.28575300399976167,0.037291956584393084,-0.9575774280334828
0.6249057808544656,-0.3464154861978514,-0.6996349590872206
0.005496247338958181,-0.31115385204198165,0.9503436597487382
0.9033143557186427,-0.006148423656746637,0.4289351601805926
-0.7758167427831257,0.372724847250589,0.5091017283995474
0.8433972902254347,0.5186983833509637,0.14011780025924803
-0.7986757498060778,0.2869175017854765,0.5289568922330821
-0.020368804373669145,-0.2391388742693287,0.9707717088077842
-0.45277935167684313,-0.8801701644403794,-0.1424476757412802
-0.033121787483233134,-0.5837375327938564,0.8112665653172557
0.009227069159421683,0.34008357628994157,0.9403499467392822
-0.27561595183598375,-0.8489832055514981,0.4508473841390758
0.4862985525329853,-0.5405411748326377,0.6865340167208579
-0.2624471379338306,-0.9562865730784335,-0.1289863943997463
0.9914665899301109,0.005013514943751205,-0.13026459887577316
0.1187449934318556,0.9925434113853246,-0.02751732273406315
0.4270380934692432,-0.09490400326865883,0.8992395103028649
-0.7466404324702303,0.3435489973544159,0.5696509027618959
0.6967730752919424,0.706243628075331,-0.12540821086038492
0.7832508420521451,0.43396331959991,-0.44518979735213177
-0.4964913810825363,-0.8611726692783634,-0.10898597248606957
-0.4944715680267524,-0.5054757517232569,-0.7071012182375115
0.6596655494266056,0.4632849133427307,0.5917841261547264
-0.7561603140472372,0.24285357117154377,-0.6076542787055904
-0.5758545353322319,-0.8090520109318883,-0.11758570382647253
0.3807163325599716,0.5876881787163063,-0.7139171371519217
-0.5219738510432732,0.8377376303276403,0.1604336671652326
0.9648005119936507,-0.2568369464091688,0.05652216393595957
0.48767358171629926,0.02722586123364587,-0.8726014154103134
-0.06495952925021797,0.7786866878985789,0.6240411057367385
0.06527237717342593,0.8719526099202257,-0.48521970573281215
0.08696518135055804,0.6090654384646128,0.7883377124688209
-0.07979732279391714,0.45812009912624807,0.8853012832089876
-0.45660794469802257,-0.26433041748617353,0.8494931519619408
0.8875532627756473,-0.21437469613286422,-0.40779001384811403
-0.22355915248754518,-0.49369562453201027,-0.8404081958530621
0.6482819801493843,-0.6386539464146819,-0.41454988957005656
-0.3805231358602135,-0.47670594109348713,-0.7924352268805839
0.8072556310613743,0.5111436227004824,0.29507718158530866
0.45381300406296216,-0.2870382691032921,0.843601084288976
-0.3163841042012476,-0.7283754574793853,-0.6077584154501443
0.2910508966911884,0.8593982785635575,-0.42038550681160425
-0.11796932180461168,0.3462141879488588,-0.9307088562895877
-0.32364485062875153,-0.1584439484771444,0.932818056135528
0.16187223564276465,-0.17825768829335664,-0.970577959719013
0.23189687891320743,0.6554318191446293,0.718771846974459
0.7380667809700848,-0.4888063308844366,-0.4651083720121061
0.3041605404561833,-0.9143448667836223,0.2673197153519407
0.821319509945401,-0.56480928013128,-0.08015447374059473
0.5573188805032925,0.8208036810509048,0.1252077577781886
-0.4430424133457194,-0.7522789957754068,-0.48763688590173954
0.5183992806937616,-0.8531116467949424,-0.058844743852038944
-0.8767728162345417,-0.1792785649129755,-0.446238305028708
0.9232436465304112,0.12824003377918988,-0.36218180914775594
0.657253905304726,-0.04101951305703305,-0.7525521267727905
0.9135248827078352,-0.3928908112695125,0.10539971106990959
0.060104415368359615,-0.7788669669485234,0.6243025765201001
0.7753521599875725,-0.4841683946246008,-0.4054750222260833
0.3692143378479154,-0.9154838163018743,0.15990670660382397
-0.47425817804996445,-0.30469357160471666,0.8259788181155068
-0.969433198288711,-0.13369729838044658,-0.20572872055571306
-0.4145021318632993,0.8890249046251396,0.1944805944999177
-0.28633745165708624,0.6406642204723026,0.7124326076094092
0.5658578312319235,0.6810594164766448,0.4647181791817446
-0.7132497384673159,0.022732105728535474,0.7005412635565818
0.8565770145947512,-0.5060743055089987,0.1008197171763939
0.5441899159281062,-0.2658114025065847,0.7957396770927307
-0.11329320622395471,-0.3707367644112393,-0.9218019857525702
-0.6245888825957503,0.23916473477331218,0.743430532987853
-0.741518529265992,-0.004278935892206861,0.67091874430726
-0.04263358556290301,0.9550762247205935,-0.29327765403369677
0.3831899699991621,0.9032259103376329,0.19325734600991418
-0.027214895553381642,0.589160761875565,0.8075573949424415
-0.6978545203965317,0.36637364799743805,0.6154424574362546
-0.17038647372564586,0.5476506135690723,0.8191747402287002
0.8339394958381159,-0.55112069058406,0.028476335638875472
0.9917431582776519,-0.12673252596559956,-0.019605480658402917
-0.8502358598435569,0.2106134426403397,0.4824323376550039
0.04857286276086196,-0.9894741394470669,0.13631435862997282
0.7835793463991403,-0.0885950146081049,-0.6149425430747866
0.45506477575153814,0.6267718058843731,-0.6325133620870346
0.6856430670561539,-0.4539510693966352,0.5690536101207704
-0.9745307592465462,-0.14986535214084418,-0.16682378580421664
-0.727841369652158,0.3713213754410804,0.5765131193333027
0.8425677527833848,0.5069103694259811,-0.18199302002541792
-0.8489389315760874,-0.05076355436759133,0.5260472906521048
-0.9230974438666156,-0.29343711406707823,0.24856743393877018
-0.20051150423946484,-0.38672356273025954,-0.900133336065742
-0.4754095054000885,0.2871491915177198,0.8315835159417021
0.5805100662527228,0.45719858235477817,0.6737785387440302
-0.5787254481960781,-0.782585710676065,-0.22942637393265586
0.17671902790602498,0.9321258528859023,-0.31608824647189704
0.9266204933771796,0.25995034774221887,0.27166206574001406
0.7326084197074104,0.3760810261520891,0.567316459431773
-0.8140173441911898,0.47557299526117297,-0.3334757705354894
-0.9400235194643202,0.3182564384954257,-0.12275431646227397
-0.8262580653333329,0.357460246716974,-0.4353386974398875
-0.6903170880746831,0.4592721590336192,0.5590450803367188
-0.4579964789962228,-0.7577311933164731,0.4648469252369603
0.04518501301224983,0.5371287795563401,0.842289136087721
-0.44700943285579064,-0.891200744030642,-0.07709604903738311
0.2388675006108975,-0.18084131940234227,0.9540643240100338
0.7050296270124646,0.2944200607392489,-0.6451744360008088
0.2237345629043066,-0.35924281262786106,-0.9060283919046037
0.5678956653702878,-0.5000483167290544,-0.6537936939051014
0.233553855944975,-0.7315801851929731,0.6405021694001115
0.08348458510129307,-0.8711782436958436,0.4838168990036316
-0.766282518716171,0.577308872789592,-0.28200277819271863
-0.26269403298715605,-0.9583252367221292,0.11227014605146754
-0.4364793144831675,-0.0934274955225978,-0.8948503288867246
0.43924031484507675,0.23040709759727387,-0.8683205140911956
0.16869015005800128,-0.21197808541861393,0.9626052797360233
-0.9121416998454576,-0.03682576562948072,0.40821732249972154
-0.14555184004550387,-0.8104501020719223,0.5674374801781945
0.9216777399836874,-0.27630586368615156,0.27233290897578316
-0.9397084250352072,0.2687809196499692,-0.21143531670458185
-0.5474503777515454,-0.5453936662611282,-0.634699797307306
-0.47394626581481003,0.7821322691871259,-0.4045294187279766
0.6015313934430215,0.35481494215860687,0.7157278390027045
0.19423573652380502,-0.8401887902000283,0.5063153913118461
-0.04201948463898271,0.8982625829132915,0.4374456481079864
0.40539073246088003,-0.6423300342179049,-0.6504386836408612
0.3445830595077603,-0.4698952155385598,-0.8126875177546667
0.3347789837567555,0.0760053969752495,0.9392263899962717
-0.9482079113734591,-0.20068729201025504,-0.24622422227387167
0.31834117167749426,-0.6591184110425184,-0.6813382556702552
0.7301495878336207,-0.27490576454684607,-0.62554648109098
0.980431765309814,-0.18267760502511568,-0.0733651565374835
-0.7002926577991821,0.1910949860333076,-0.687802951248021
0.5401171625139897,0.7535465138516784,0.3747547227451828
0.01835957254917936,0.7685880366172626,0.63948053611086
0.8349007983816181,-0.5502137143103601,-0.014336158709155132
0.033675525225430686,-0.928651442214831,0.36942178857385477
-0.8647594448631662,-0.11227517820434577,0.48947460289491096
0.2214500097117231,-0.8088893533457024,-0.544663113532254
0.46012971507926576,-0.580664756484239,-0.6716465483259577
0.4619644010367441,0.32290897668980756,0.8260258379420728
-0.16020380152683772,0.11087174741844738,0.9808374980600658
-0.5645902064088657,-0.37132311658361095,-0.7371275614965354
0.7433803952256159,0.2870381842885968,-0.6041478864934582
-0.08311294332919177,-0.6901155740430497,0.7189107963540334
0.2803737536365779,-0.7383531423109023,0.6133719878763229
-0.8617244698869646,0.337158756669089,0.3791502483177138
-0.2602512755576928,0.26159450509893317,-0.929428635492063
0.2952983803637479,0.46654591518562916,0.8337468294261461
0.16356772473022976,0.45465864143869206,0.87551762928664
-0.06602092363901907,0.5686449625764328,-0.8199293531630014
0.7004592850453771,0.4451500802033671,0.5578514104030345
0.15993102462857042,-0.9762653222040818,0.14604139147178694
-0.9336592300405282,-0.3485383947259893,0.08247078004941186
-0.6107346040592375,0.36899953893070164,0.7006015869761757
-0.9250021639090427,0.07888882746445583,0.37168205453703596
0.18620168579654378,0.026740972575340683,-0.9821475716979858
-0.3705445019446476,-0.8856022554036713,0.28000967358740214
-0.8545247110468124,-0.030978370472857883,0.5184861220642343
-0.2854079702508662,-0.8002312269976873,-0.5274203957518674
0.6859912055523643,0.22780964048137117,0.6910273754407724
0.7135349182909008,0.6240108309745,-0.318556750369713
-0.6143919628155494,-0.7100011114181917,0.3441234339776771
-0.46182640857408636,-0.512964728006226,0.7235907380315615
-0.06452393160207628,0.9397698754555063,-0.3356623950295189
-0.7332172325091031,0.6214735508561794,-0.27597665759607926
0.8314840262077839,0.4588650985887807,-0.31317269270867415
0.4642260074438345,-0.8258338432428114,0.3201447756368435
0.7813027413766118,0.6066490560764122,0.14677516506204105
-0.7588397607232517,-0.23363937915830568,0.6079266880570383
0.2622096577133216,0.7972116067037426,-0.5437828146776065
0.1925709529243057,-0.9717158206414922,0.13669232606425338
0.23164788482441437,0.9367758332249888,-0.2622790417513429
0.3031993621612765,-0.8615061096892485,0.40728045589383677
0.21412711825892727,0.9157308312592749,0.33998032576507237
-0.7792462087546046,-0.28887235075317347,-0.5561727349591228
-0.33875780851435944,0.21852209336195733,0.9151454758033044
-0.4640504727393803,0.8745183478800637,0.14097807620861352
0.7148319206051141,-0.67450037100666,-0.18456590908367096
-0.015724320337529143,-0.1448640578233167,-0.9893266146732764
0.5245229400174253,-0.735883269871248,-0.42819563113030046
-0.7732659134293554,-0.11502658519258414,-0.6235613136069283
0.10215057977624145,-0.5423042370099247,-0.8339492631883915
0.8883392916769194,-0.16526559698616897,0.4284163691034162
-0.007457161281680301,-0.26158818136395173,0.9651507727377724
0.9945574328906571,0.09424434804154215,0.044424267514172035
-0.6622292358914863,0.3680053757462416,-0.6527055098223438
-0.22879981913661215,0.6797081103558205,0.6968841564274318
0.012635964699380135,-0.7519408961601659,-0.6591094151034125
-0.6519191568589102,0.11790156645334507,-0.7490665080940511
-0.9548697313329789,-0.25577509049571956,-0.15100628882927689
0.2502871208956756,0.12648654959667943,0.95987369475618
0.941283673185965,-0.19730464857038635,0.27396335931298127
-0.4973638745599934,0.8664708871654191,0.04309730823894429
-0.2126317142791836,0.4743671344690457,-0.8542620065403367
0.8984217792669164,0.43913261718643315,-9.22530141411672E-4
0.8140396918675151,0.5806844931440421,0.012037420250541246
-0.09528760782881834,0.12380014318007024,-0.9877215176064837
-0.334559090390114,0.3554019975359853,0.8727884252124172
0.8060587527849575,-0.29342810941754194,0.5139739601014879
0.07811071141531209,0.3233736761888588,-0.9430419833232755
-0.5964878767829115,0.7735689476109641,-0.2139936824840388
0.30197828612593364,-0.3662350791141274,-0.8801596341202615
-0.1424716123061731,0.6044280745617538,-0.7838166509895349
-0.5711580652265357,0.8025083124577896,-0.1725076026232792
0.49652106202044155,-0.47428601076835547,0.726993545335536
-0.7971271835186389,0.5419372572832607,-0.26625600925413706
-0.4742304833826384,-0.6779529651363434,-0.561680715080649
0.9874548243963974,0.1004451726752087,-0.12183487621583357
0.5460995883014496,-0.7994180211292545,-0.25041179515105516
-0.25784246619619994,0.9397919854101895,-0.2242950886324432
-0.08166185576590156,-0.9703279145905295,0.22758532351463973
-0.30154552150370895,-0.6422812654036081,0.7046595451511293
0.786732388232201,-0.43778190184302035,0.4352001329562818
-0.44310020021729213,0.796900971316669,-0.4106227642032829
0.5698840084201601,-0.6027538472964452,0.5584980004586452
0.774034937258711,-0.06187755994620925,0.6301119610656559
-0.8902373044341156,0.3735160622561492,-0.2606977043062332
-0.5390914468166847,0.8367377625687973,0.09617862891753487
-0.18681468877513294,0.6530114467065902,0.7339457217860301
0.8968860925443538,-0.29970906506649053,0.3252227134095822
-0.8728946054948958,-0.31741448148647783,-0.3705442681253896
0.28340810276301626,-0.38712091035738866,0.8773922999732413
-0.15517947580025845,-0.10209776364794768,0.982596243097054
-0.642982882339679,0.7658281990897287,-0.008954467998795627
-0.47349064609029207,-0.07774812377365216,0.8773607224595109
-0.25542375322836436,0.5331703628523528,0.8065284064821437
-0.444964397047929,-0.26589631521535,-0.8551642151742975
-0.9288680631950195,0.3693286145906973,0.02829303131248555
0.769193897326927,-0.026428583215147718,-0.6384686979831141
0.40792060042466577,-0.2826986701323115,0.8681487462725513
0.9536534615034404,0.09810823435394292,-0.28446414486619953
0.3030326074347321,-0.9175689072424933,0.25736848931662987
-0.18907145121863872,0.8334873540859188,0.5191828357264251
0.9981667318111647,-0.05799785639979763,0.017303876977341995
0.1111713386690443,-0.9252753362763956,-0.3626382295582414
0.01801428261439369,0.5431893305156542,-0.839416962442292
-0.35936940031629233,-0.9296987474300371,0.0807085692063026
-0.596792734976919,-0.7688327586003175,0.22964019853195322
-0.17321570046479817,0.8170237768700493,0.5499713348361794
0.1915525416125088,-0.8171212768415623,0.5437098883914133
0.8241346703968614,0.5054133102182867,-0.25565490588692075
-0.12697547468831402,0.8271627788867576,0.5474294165022688
-0.4184138595643713,0.1457162381744034,-0.8964912827555811
0.7563854940150861,0.5158348965292936,0.40223791960252464
0.3866295731414237,0.21438484248885528,0.8969708537536264
0.1350301086980398,0.7086209495328405,0.6925483518341307
-0.5206432839308117,-0.6042750818630029,-0.6031435951224229
-0.9352134029304361,0.3411609548068791,-0.0947897351749234
-0.6822465573478088,0.29615416712862225,0.6684551924246045
0.3596127568098436,0.9267074723692262,-0.10905010680721057
-0.2533932316581205,-0.609958741671877,-0.7508276790368842
-0.7122724484168997,-0.6711517863733396,-0.20548294059135397
-0.015393427425315347,0.25175838595582845,-0.9676676895985614
-0.37713213382774424,-0.8228718849432485,-0.4250331923561708
-0.18213675105850563,-0.44960401502784747,0.8744612247462383
-0.4916447241474396,0.08435309827950953,-0.8667006519142785
-0.3166714315483555,0.3903189714586494,-0.8645058154579282
-0.24997500627810737,0.7761931046173869,0.5788236005733374
-0.4415508654077321,0.7453695348246637,-0.4994567947409938
0.5150362780815724,-0.8527205286151943,0.08720855656473615
0.530108321233576,-0.3822834368405376,-0.7568649428242179
0.9191337917168056,0.19999340725779513,-0.3394049351110049
-0.5753559630110359,0.7800855570569483,-0.24582928934281656
-0.37001123428500227,0.9065890090525686,0.2029484051870591
-0.18287158136821124,0.9636779351509361,-0.19463509968943837
0.5385005574830574,0.8424551801273975,0.016923919964082747
0.8360137648742639,0.5376161832814311,0.10977169222830409
-0.7585490835929192,-0.6420205110809257,-0.11141342437843638
-0.5830908409679066,-0.7340618487822334,0.3480779702045922
-0.07487440868134694,0.5022766847945049,-0.8614592009123011
-0.5317281623366742,-0.8165453135170843,0.22476412603293724
0.03367510861304078,-0.8731413731364508,-0.4863025082983771
-0.5192123029878961,-0.40181500912884976,-0.7542965483579966
-0.8398911892698325,-0.5426988208060005,0.007796158200224576
0.5583848361710787,-0.24804485452459013,0.7916313061508321
-0.4707718488628345,-0.8799051951569778,-0.06434837879876486
0.7510013382055521,0.010979631893068224,0.6602093892826447
0.9987290999688968,-0.04105115916144345,0.029240164274832923
-0.023024683692837496,0.5112769275673082,-0.8591075411601147
-0.7236950805545063,-0.3544075736734644,-0.5921661102292959
-0.37952621784479573,0.055941166349826744,-0.9234881893537381
-0.8592675132059784,0.4493073076595005,-0.2445041595404564
0.05612298735391863,-0.7015608888143188,0.7103960371345936
0.7975393326938658,-0.4429089536306339,-0.4095884173167503
0.018157094444967745,-0.24544337092699106,-0.9692408738746586
-0.9011404891342354,0.39799483054921436,0.17188930652897857
0.4038641849564739,0.20792705322248423,0.8908760074486556
0.9655579173719949,-0.08860781296488332,-0.24463557321419158
-0.735650787477905,0.6410165062739348,-0.21889668240404353
0.6757591211754298,0.2674012932198296,0.6869105899115061
0.4488838705861503,-0.12976943319207168,0.8841171669731365
-5.717186631131187E-4,-0.42226800197300984,0.9064708531704109
-0.24207159093035557,-0.6619968682299208,0.7093387704885611
0.586837408334666,-0.7260244854296963,-0.35848333676141364
0.44709298981652373,-0.623300700596458,0.6415637887949149
0.10522113776627552,-0.4837279971840473,0.868870379807875
-0.5247802876311417,0.8125191657201709,0.25380751574997457
-0.7118734705031744,-0.12959862201995703,-0.6902465930117252
0.2739393435433017,-0.15677825452579483,0.9488824031284963
-0.8262624330135627,0.14852965939477472,0.5433501008287197
0.707424971628622,-0.43036305189280294,-0.5606581427944805
-0.860836005791433,0.48460626400839923,-0.1553001610329926
0.39799502727164293,-0.9081643541497111,-0.1297592544633412
-0.7543107978941728,-0.6340711970875633,0.17020263571461242
0.1998051652616269,-0.9718350628351675,0.12495801926623268
0.9476776133817942,0.14476376133390273,0.284518179558789
-0.8103623456367894,0.4323728002314096,0.39543220707738286
-0.6544994861433042,0.15127805566278166,0.7407734960924555
0.02972833537964563,-0.7864340352958286,-0.6169584541959652
-0.6105222130327279,-0.7657346442547687,0.2022698246937573
0.03555556581861281,0.4390820372774015,0.8977431516194623
0.2084745246550913,0.44216528511307857,0.8723693215666766
0.4317170600934805,0.2768744005292645,-0.8584642953296324
-0.5803193150920483,0.7343457439598664,-0.3520878027696026
0.5413166424600969,0.5463334386074903,-0.6391369700268036
0.5391640679429494,-0.8034974974503298,0.25237646370109035
0.7141454168507433,-0.6250958990108765,0.315041966459807
-0.973782094185685,-0.003783800204635697,-0.2274513484228073
0.37954726864304583,-0.653548273065369,0.6548423670158168
-0.2339187677967668,0.2173341610690105,0.9476538780086703
-0.7635878416259301,0.5459312161596863,-0.3448082298081923
0.7196205397338112,-0.6930898870987461,0.042103291969459146
0.473978020695172,-0.84312936156454,0.25392462575665714
-0.14072078102227267,-0.12339060910401867,0.9823300969498089
-0.950402499564903,0.09846850167527517,-0.29502380073243417
0.7672460560764128,0.3608602362147284,-0.5302012630636035
0.21024709318494939,0.892663536280666,0.39868279471551743
0.5973072857961113,0.7846985635225313,-0.16574730990444078
-0.3136422499459294,0.5547131323645234,0.7706632726627072
-0.3661417750294685,-0.009535455326996085,0.930510223302236
-0.1318591725828577,-0.19489030914107203,0.9719212550452128
-0.28676011824922115,0.4690995738236437,-0.8352928973840066
-0.760715014353892,0.013741281822694924,-0.6489405551438648
-0.03977335070176319,0.009804377644010364,0.9991606251013739
-0.17740200863109729,0.13084886297791706,-0.9754009956889721
-0.9416201144794504,-0.14327325749722433,0.3046708612483987
-0.532446554472113,0.0352784242590245,0.8457281474638143
0.8558295451863235,0.4072678659387891,-0.3188866177183283
0.18070183920384633,0.9787311993843625,0.09711892019578124
-0.258477281017662,-0.6228521460320449,-0.7384068657461094
0.4744165486344382,0.00393517228125614,-0.8802916862045809
-0.4024764979582389,-0.6597832171982576,-0.6345855142490952
-0.6811474183401002,0.7222210751944196,0.12014538290601552
0.24333709014318877,0.16666749000311346,-0.9555150487233091
0.10363169013927453,0.712585590161986,-0.693889219899237
-0.744950371002804,0.25601947143973086,-0.616038127867509
-0.6421094769388913,0.6700611507634558,0.37244257794030067
-0.3881337044556903,-0.8402776064992195,-0.37853107069492387
0.25993067931996705,-0.8905595606173294,0.37328234748154027
0.08015122796760181,-0.5797553487556636,-0.8108387732739996
-0.8661127100702429,0.4935413681872878,-0.07915612005776505
-0.5919134511833055,-0.5511976980018208,0.5880642516135137
0.33690329837510874,-0.8208905401417629,0.46112350693684784
0.15804341245677989,-0.9421713925335877,-0.2955255435158461
0.447069245776507,0.15046204067164798,-0.8817540835163445
0.7712564678121897,0.07362519508198401,0.6322521581671389
0.07188023816758383,-0.9897670479732683,0.12326565664147161
